"Abrev";"all_species";"Planted";"LMA";"Height";"Dur_flowering";"Entomophily";"Zooc";"Resprouter";"Woody";"Undesired";"X1";"X3";"X4";"X6";"X7";"X8";"X9";"X10";"X11";"X13";"X14";"X16";"X17";"X19";"X20";"X21";"X22";"X27";"X28";"X29";"X30";"X36";"X37";"X38";"X39";"X43";"X44";"X45";"X46";"X47";"X48";"X51";"X52";"X53";"X55";"X56";"X57";"X58";"X60";"X61";"X62";"X63";"X65";"X69";"X71";"X74";"X75";"X76";"X79";"X80";"X1VN";"X3.1VN";"X3.2VN";"X4VN";"X5.1VN";"X5.2VN";"X6VN";"CTM1";"CTM2";"CTM3";"CTM4";"CTM5";"CTM6";"PE10";"PE11";"PE13.1";"PE13.2";"PE14";"PE20";"UECN1";"UECN2";"UECN3";"UECR1";"UECR2";"UECR3";"UEMA1";"UEMA2";"UEMA3"
"Aampe";"Allium ampeloprasum";0;0,0710227272727273;130;3;1;0;1;0;0;0;0;0;0;0;0;0;0;0;0;0;0;0;0;0;0;0;0;0;0;0;0;0;0;0;0;0;0;0;0;0;0;0;0;0;0;0;0;0;0;0;0;0;0;0;0;0;0;0;0;0;0;0;0;0;0;0;0;0;0,05834684;0;0;0;0;0;0;0;0;0;0;0;0;0;0;0;0;0;0
"Arose";"Allium roseum";0;0,0709219858156028;75;2;1;0;0;0;0;0;0;0,005945731;0;0;0;0;0;0;0;0;0;0;0;0;0;0;0;0;0;0;0;0;0;0;0;0;0;0;0;0;0;0;0;0;0;0;0;0;0;0;0;0;0;0;0;0;0;0;0;0;0;0;0;0;0,054204739;0;0;0;0;0;0,031238335;0;0;0;0;0;0;0;0,013986014;0;0;0;0;0;0;0;0
"Amone";"Anagallis monelli";0;0,0343170899107756;50;2;1;1;0;0;0;0,002784643;0;0;0;0,011501634;0,008942278;0;0;0;0;0;0;0;0;0,010498688;0,007074941;0;0;0;0;0;0;0,004673891;0;0,015841584;0;0;0;0;0,018921322;0;0;0;0;0,072395764;0;0;0,031578116;0;0;0;0;0;0;0;0;0;0;0;0;0;0;0;0;0;0;0,005648654;0;0;0;0,004021717;0;0;0;0;0;0;0;0;0;0;0;0;0;0;0;0;0
"Apalm";"Anemone palmata";0;0,0295971823482405;45;3;1;0;0;0;0;0;0;0;0;0;0;0;0;0;0;0;0;0;0;0;0;0;0;0;0;0;0;0;0;0;0;0;0;0;0;0;0;0;0;0;0;0;0;0;0;0;0;0;0;0;0;0;0;0;0;0;0;0;0;0;0;0,052720768;0;0;0;0;0;0;0;0;0;0;0;0;0,036713287;0;0;0;0;0;0,014954638;0;0
"Auned";"Arbutus unedo";1;0,0955109837631328;400;5;1;1;1;1;0;0,106512594;0;0;0;0,069009803;0,119610085;0,131960766;0;0,089642262;0,011475044;0;0;0;0;0;0,086471496;0;0,071721311;0,047301395;0,0962188;0;0;0;0;0;0;0,033036616;0;0;0,101917119;0;0;0;0,045123634;0;0,021613833;0;0,021315229;0,063808567;0,09826779;0,054054054;0,038531553;0;0;0,019164619;0;0;0,004209854;0,104336731;0;0,127452254;0;0;0;0;0;0;0,002068609;0;0;0,036195455;0;0,09324178;0;0,009224987;0;0;0,091930297;0,00224724;0;0,059341845;0,129563233;0,107842622;0,073053979;0,036675618;0;0,039706533;0,007394573
"Abaet";"Aristolochia baetica";0;0,050251256281407;40;8;1;0;0;0;0;0;0;0;0;0;0;0;0,003564835;0;0;0;0;0;0;0;0;0;0;0;0;0;0;0;0;0;0;0;0;0;0;0;0;0;0;0;0;0;0;0;0;0;0;0;0;0;0;0;0;0;0;0;0;0;0;0;0;0;0;0;0;0;0;0,003453399;0;0;0;0;0;0;0;0;0;0;0;0;0;0;0
"Aalbu";"Asparagus albus";0;0,0683480281593876;150;4;1;0;1;1;0;0;0;0;0;0;0;0;0;0;0;0;0;0;0;0;0;0;0;0;0;0;0;0;0;0;0;0;0;0;0;0;0;0;0;0;0;0;0;0;0;0;0;0;0;0;0;0;0;0;0;0;0;0;0;0;0;0;0;0;0,009724473;0;0;0;0;0;0;0;0;0;0;0;0;0;0;0;0;0;0
"Aaphy";"Asparagus aphyllus";0;0,163934426229508;71,88;5;1;1;1;1;0;0;0;0;0;0;0;0;0;0;0;0;0;0;0;0;0;0;0;0;0;0;0;0;0;0;0;0;0;0;0;0;0;0;0;0;0;0;0;0;0;0;0;0;0;0;0;0;0;0;0;0;0;0;0;0;0;0;0;0;0;0;0;0;0;0;0;0;0;0;0;0;0;0;0;0;0;0;0,073945728
"Afist";"Asphodelus fistulosus";0;0,0983284169124877;24;6;1;0;0;0;0;0;0;0;0;0;0;0;0;0;0;0;0;0;0;0;0;0;0;0;0;0;0;0;0;0;0;0;0;0;0;0;0;0;0;0;0;0;0;0;0;0;0;0;0;0;0;0;0;0;0;0;0;0;0;0;0;0,056486537;0;0;0;0;0;0;0;0;0;0;0;0;0;0;0;0;0;0;0;0;0
"Asple";"Asplenium sp.";0;0,0662611923436517;17,1411;4;0;0;0;0;1;0;0;0;0;0;0;0;0;0;0;0;0;0;0;0;0;0;0;0;0;0;0;0;0;0;0;0;0;0;0;0;0;0;0;0;0;0;0;0;0;0;0;0;0;0;0;0,003721966;0;0;0;0;0;0;0;0;0;0;0;0;0;0;0;0;0;0;0;0;0;0;0;0;0;0;0;0;0;0;0
"Aaqua";"Asteriscus aquaticus";0;0,0384024577572965;30;3;1;0;0;0;0;0;0;0;0;0;0;0;0;0;0;0;0;0;0;0;0;0;0;0;0;0;0,065341683;0;0;0;0;0;0;0;0;0;0;0;0;0;0;0;0,118417936;0;0;0;0;0;0;0;0;0;0;0;0;0;0;0;0;0;0;0;0;0;0;0;0;0;0;0;0;0;0;0;0;0;0;0;0;0;0;0;0
"Alinu";"Asterolinon linum-stellatum";0;0,0410273241979158;15;2;1;0;0;0;0;0;0;0;0;0;0;0;0;0;0,003125583;0,001851429;0;0;0;0;0;0;0;0;0,011931131;0;0,027225701;0;0;0,200660066;0;0;0;0;0;0;0;0;0;0;0;0;0;0;0;0;0;0;0,083891846;0;0;0;0;0;0;0;0;0;0;0;0;0;0;0;0;0;0;0;0;0;0;0;0;0;0;0;0;0;0;0;0;0;0
"Abarb";"Avena barbata";0;0,0591715976331361;61,2260274;5;0;0;0;0;0;0;0;0;0;0;0;0;0;0;0;0;0,046594982;0,006703911;0,102083979;0,023622047;0;0;0;0;0;0,003598133;0,032670841;0;0;0,015841584;0;0,060567129;0;0,788359788;0,015481081;0,00622083;0;0,008874099;0,016043959;0;0,123919308;0,024390244;0,069471856;0;0;0,028828829;0;0;0;0;0;0;0;0;0,021032505;0;0;0;0;0;0;0;0;0;0;0;0;0;0,12160898;0;0;0;0;0;0;0;0;0;0;0;0;0;0
"Bperf";"Blackstonia perfoliata";0;0,0293134783373395;9,67;7;1;0;0;0;0;0,030631073;0;0,031710565;0,077187384;0,013418573;0,105816954;0,013033162;0;0,003686696;0;0,031474298;0;0,013407821;0;0;0,04009133;0,010097971;0;0;0,074238149;0;0,029948271;0,098151714;0;0;0,034150084;0;0,010384216;0;0,041282884;0;0,108885585;0;0;0;0,037463977;0;0;0,009646354;0;0;0,006067961;0;0,062142108;0;0,037473632;0,001860983;0,069228715;0,027050264;0;0,00519683;0;0;0,025981813;0;0;0,005648654;0,005171522;0;0;0;0;0;0;0,004612493;0,009464366;0;0;0,012257673;0,001748252;0;0;0,01685041;0;0;0,009969758;0,00320214;0
"Bdist";"Brachypodium distachyom";0;0,0304878048780488;18,13068182;4;0;0;0;0;0;0;0;0,184317662;0;0;0,011923037;0;0,014259338;0;0,007813958;0;0,121863799;0;0;0,097112861;0;0,043757873;0;0,012128563;0,015908175;0,0161916;0,035393411;0;0;0,224422442;0,005059272;0;0,034614053;0;0;0;0;0;0,050137371;0;0;0,017073171;0,007894529;0,027009791;0;0;0,242718447;0,016;0;0,002457002;0;0;0;0;0,124282983;0;0;0;0;0;0;0;0;0;0,042139384;0;0;0;0,065481759;0;0;0;0,005727744;0;0;0;0;0;0,008117109;0,109628207;0;0;0
"Bphoe";"Brachypodium phoenicoides";1;0,114285714285714;57;2;0;1;1;0;0;0;0;0;0;0;0;0;0;0;0;0;0;0,044692737;0,324812659;0;0;0;0;0;0;0;0,01089028;0;0,013386881;0;0;0;0;0;0,017201202;0,051840251;0;0;0;0;0;0;0;0;0;0;0,072815534;0;0;0,42997543;0;0;0;0;0;0;0;0;0;0;0;0,161928074;0;0;0;0;0;0;0;0,030749956;0;0;0;0,012257673;0;0;0;0;0;0;0;0,096064193;0
"Bmaxi";"Briza maxima";0;0,0279329608938548;25,6;5;0;0;0;0;0;0;0;0;0;0;0;0;0,003564835;0,006144493;0;0;0;0,004469274;0;0;0;0;0;0,014554275;0,011931131;0,019789734;0;0;0;0;0;0;0,010384216;0;0;0;0;0;0;0;0;0;0;0;0;0;0;0;0;0;0;0;0;0;0;0;0;0;0;0;0;0,103558652;0;0;0;0;0;0;0;0,03536245;0,094643662;0;0;0,012257673;0;0;0;0;0;0;0;0;0
"Bmino";"Briza minor";0;0,027027027027027;40;6;0;0;0;0;0;0;0;0;0;0;0;0;0;0;0;0;0;0;0;0;0;0;0;0;0;0;0;0;0;0;0;0;0;0;0;0;0;0;0;0;0,017291066;0;0;0;0;0;0;0;0;0;0;0;0;0;0;0;0;0;0;0;0;0;0;0;0;0;0;0;0;0;0;0;0;0;0;0;0;0;0;0;0;0;0
"Brube";"Bromus rubens";0;0,0602409638554217;9,74;2;0;0;0;0;0;0;0;0,021801014;0;0;0,022355694;0;0;0;0;0;0,043010753;0;0;0;0;0;0;0;0;0;0,013612851;0;0,03480589;0;0;0;0,006922811;0;0,018921322;0;0;0;0,058159351;0;0,005763689;0,02195122;0,006315623;0;0,001474017;0;0;0;0;0,00982801;0;0;0;0;0,057361377;0;0;0;0;0;0;0,056486537;0;0;0;0;0,015619168;0;0;0;0;0,007986284;0;0;0;0;0;0;0;0;0;0;0
"Bfrut";"Bupleurum fruticosum";0;0,135062128579146;270;2;1;1;1;1;0;0;0;0;0;0;0;0;0;0;0;0;0;0;0;0;0;0;0;0;0;0;0;0;0;0;0;0;0;0;0;0,015552075;0;0;0;0;0;0;0;0;0;0;0;0;0;0;0;0;0;0;0;0;0;0;0;0;0;0;0;0;0;0;0;0;0;0,019987472;0;0;0;0,102964453;0;0;0;0;0;0;0;0;0
"Cnepe";"Calamintha nepeta";0;0,0578034682080925;50;4;1;1;0;0;0;0;0;0,015855283;0;0;0;0;0;0;0;0;0;0;0;0;0;0;0;0;0;0;0;0;0;0;0;0;0;0;0;0;0;0;0;0;0;0;0;0;0;0;0;0;0;0;0;0;0;0;0;0;0;0;0;0;0;0;0;0;0;0;0;0;0;0;0;0;0;0;0;0;0;0;0;0;0;0;0
"Ctenu";"Carduus tenuiflorus";0;0,075187969924812;35;4;1;1;0;0;0;0;0;0;0;0;0;0;0;0;0;0;0;0;0;0;0;0;0;0;0;0;0;0;0;0;0;0;0;0;0;0;0;0,086522463;0;0;0;0;0;0;0;0;0;0;0;0;0;0;0;0;0;0;0;0;0;0;0;0;0;0;0;0;0;0;0;0;0;0;0;0;0;0;0;0;0;0;0;0;0
"Cflac";"Carex flacca";0;0,0672947510094213;60;3;1;0;0;0;0;0;0;0;0,066160615;0,038338779;0;0;0,027330398;0;0;0;0;0;0;0;0;0;0;0;0;0;0;0;0;0;0;0;0;0;0;0;0;0;0;0;0;0;0;0,028939062;0;0;0;0;0;0;0;0;0;0;0;0;0;0;0;0;0;0;0;0;0;0;0;0;0;0;0;0;0;0;0;0;0;0;0;0;0;0;0
"Chall";"Carex hallerana";0;0,0524658971668416;14,167;4;0;1;1;0;0;0;0;0;0;0;0;0;0;0;0;0;0;0;0;0;0;0;0;0;0;0;0;0;0;0;0,013912997;0;0;0;0;0;0;0;0;0;0;0;0;0;0;0;0;0;0;0;0;0;0;0;0;0,007795245;0,010968921;0,220155039;0;0,098289758;0,027876723;0;0;0;0;0,024130304;0,104127784;0,267638442;0;0,153749782;0;0;0,140329738;0;0;0;0;0;0,207437225;0,033885082;0,4154066;0,092862054;0,439566273
"Crigi";"Catapodium rigidum";0;0,0505816894284269;12,5;4;0;0;0;0;0;0;0;0;0;0,001916939;0;0;0;0;0;0;0;0;0;0;0;0;0;0;0,014582494;0;0;0;0;0;0;0;0,017307027;0;0,022361562;0;0;0;0;0;0;0;0;0;0;0;0;0;0,03417816;0;0;0;0;0;0;0;0;0;0;0;0;0;0;0;0;0;0,015619168;0;0;0;0;0;0;0;0;0;0;0;0;0;0;0;0
"Ceryt";"Centaurium erythraea";0;0,0469924812030075;14,1;6;1;0;0;0;0;0,108601076;0,005758649;0,00198191;0;0,118850216;0,005961519;0;0;0;0;0,081462888;0;0;0;0;0,025941449;0,00336599;0,040983607;0;0;0;0;0,086466986;0;0;0,001264818;0;0;0;0;0;0;0;0;0;0,005763689;0;0;0,088746456;0,016214185;0;0;0;0;0;0;0;0;0;0;0,002598415;0;0;0,021984611;0;0;0;0;0;0;0;0;0;0;0;0;0;0;0;0;0;0;0,047742828;0;0;0,014954638;0;0
"Ccalc";"Centranthus calcitrapae";0;0,0367647058823529;30;3;1;0;0;0;0;0;0;0;0;0;0;0;0;0;0;0;0;0;0;0;0;0;0;0;0;0;0;0;0;0;0;0;0;0;0;0;0;0;0;0;0;0;0;0;0;0;0;0;0;0;0;0;0;0;0;0;0;0;0;0;0;0;0;0,027464982;0,019448947;0;0,010412778;0;0;0,012299983;0,014196549;0;0;0;0,001748252;0;0;0;0;0;0;0;0
"Cglom";"Cerastium glomeratum";0;0,0459770114942529;5,9;6;1;1;0;0;0;0;0;0;0;0;0;0;0;0;0;0;0;0;0;0;0;0;0;0;0;0;0;0;0;0;0;0;0;0;0;0;0;0;0;0;0;0;0;0;0;0;0;0;0;0;0;0;0;0;0;0;0;0;0;0;0;0;0;0,054929964;0;0;0;0;0;0;0;0;0;0;0;0;0;0;0;0;0;0;0
"Csili";"Ceratonia siliqua";1;0,137324910738808;400;5;0;1;0;1;0;0;0,036711389;0;0,074299239;0,024440972;0,031896023;0,009774872;0,07325735;0;0;0,007332393;0;0;0;0;0;0;0;0;0;0;0;0;0;0;0,074202653;0;0;0;0;0,062208301;0,015555084;0,054908486;0;0;0;0;0;0;0,006141737;0;0,013652913;0;0,004660658;0;0;0;0;0;0,011472275;0;0;0;0;0;0;0;0;0;0;0;0;0;0,005612722;0,012299983;0,042589648;0;0,023626946;0;0;0;0;0,024713934;0,023810186;0,226432078;0;0;0
"Coffic";"Ceterach officinarum";0;0,0529100529100529;12,5;8;0;0;0;0;0;0;0;0;0;0;0;0;0;0;0;0;0;0;0;0;0;0;0;0;0;0;0;0;0;0;0;0;0;0;0;0;0;0;0;0;0;0;0;0;0;0;0;0;0;0;0;0;0;0;0;0;0,018281536;0;0;0;0;0;0;0;0,009724473;0;0;0;0;0;0;0;0;0;0;0;0;0;0;0;0;0;0
"Csemp";"Cheirolophus sempervirens";0;0,0379247572815534;150;1;1;1;0;0;0;0;0;0;0;0;0;0;0;0;0;0;0;0;0;0;0;0;0;0;0;0;0;0;0;0;0;0;0;0;0;0;0;0;0;0;0;0;0;0;0;0;0;0;0;0;0;0,003721966;0;0;0;0;0;0;0;0;0;0;0;0;0;0;0;0;0;0;0;0;0;0;0;0;0;0;0;0;0;0;0
"Calbi";"Cistus albidus";1;0,122622006750832;160;5;1;0;0;1;0;0,007518536;0;0;0;0,024440972;0;0,002606632;0,006416702;0;0;0;0;0;0;0;0,016135829;0;0,007684426;0;0;0;0;0;0;0;0,014936898;0;0;0;0,011610811;0;0,033702681;0;0;0;0;0;0;0,003753445;0;0;0;0;0,041945923;0;0,004684204;0,005582949;0,037888689;0;0;0;0;0,002325581;0;0;0;0,033891922;0,093345975;0,010985993;0;0,028353107;0,06544344;0,003453399;0;0;0;0;0;0,036568725;0;0,031019601;0,008067145;0,002246721;0;0;0;0;0
"Ccris";"Cistus crispus";0;0,108790252393386;26;4;1;0;0;1;0;0;0,020299239;0;0;0;0;0;0;0;0;0;0;0;0;0;0;0;0;0;0;0;0;0;0;0;0;0;0;0;0;0;0;0;0;0;0;0;0;0;0;0;0;0;0;0;0;0;0;0;0;0;0;0;0;0;0;0;0;0;0;0;0;0;0;0;0;0;0;0;0;0;0;0;0;0;0;0;0
"Cmons";"Cistus monspeliensis";0;0,167500175456434;170;4;1;0;0;1;0;0;0;0;0;0;0;0,01726894;0;0;0;0,009165491;0;0;0;0;0;0;0;0;0;0;0;0;0;0;0;0;0;0;0;0;0;0;0;0;0;0;0;0;0;0;0;0;0;0;0;0;0;0;0;0;0;0;0;0;0,00232306;0,024006778;0,046285123;0,020598737;0;0,020108586;0,028504254;0;0;0;0;0;0;0,009601844;0,053496503;0;0,067959583;0;0;0;0;0;0
"Csalv";"Cistus salviifolius";0;0,0952380952380952;170;4;1;0;0;1;0;0,052629752;0,077309866;0;0;0,017252451;0;0,108826904;0,000178242;0,017675939;0,013114336;0,014664786;0;0;0;0;0;0;0,073770492;0;0;0;0;0,026290638;0;0;0;0,012388731;0;0;0;0;0;0;0;0,012065961;0;0;0;0;0,004606303;0;0,009101942;0;0;0,033169533;0;0;0,063989785;0;0;0,082824477;0;0;0;0;0;0;0;0;0;0;0;0,032807293;0;0;0;0;0;0,010827611;0;0,01618414;0;0,012356967;0,003246844;0,004783776;0;0;0
"Comp";"Plant_NI";0;0,045944311818531;44;5;1;0;0;0;1;0;0;0;0;0;0;0;0;0;0;0;0;0;0;0;0;0;0;0;0;0;0;0;0;0;0;0;0;0;0;0;0;0;0;0;0;0;0;0;0;0;0;0;0;0;0;0;0;0;0;0;0;0;0;0;0;0;0;0,027464982;0;0;0;0;0;0,006149991;0,004732183;0,015972568;0;0;0;0;0;0,005616803;0;0;0;0,012808559;0
"Calth";"Convolvulus althaeoides";0;0,0517946858652302;16,125;3;1;0;0;0;0;0;0;0;0;0;0;0;0;0;0;0;0;0;0;0;0;0;0;0;0;0;0;0;0;0;0;0;0;0,018518519;0;0;0;0;0;0;0;0;0;0;0;0;0;0;0;0;0;0;0;0;0;0;0;0;0;0;0;0;0;0;0;0;0;0;0;0;0;0;0;0;0;0;0;0;0;0;0;0,009606419;0
"Carve";"Convolvulus arvensis";0;0,0538793103448276;8,667;6;1;0;0;0;0;0;0;0;0;0;0;0;0;0;0;0;0;0;0,155446058;0;0;0;0;0;0;0;0;0;0;0;0;0;0;0;0;0;0;0;0;0;0;0;0;0;0;0;0;0;0;0;0;0;0;0;0,04206501;0;0;0;0;0;0;0;0;0;0;0;0;0;0;0;0;0;0;0;0;0;0;0;0;0;0;0;0
"Cvale";"Coronilla valentina";0;0,0790513833992095;220;6;1;0;1;1;0;0;0;0;0;0;0;0;0;0;0;0;0;0,043575419;0;0;0;0;0;0,087325652;0;0,027779706;0;0,028043347;0;0;0,038546832;0,24419565;0,057113188;0;0;0;0;0;0;0,126290387;0,265850144;0,237804878;0;0;0,027944903;0;0,039441748;0,1488;0;0,008845209;0,004684204;0,032381103;0,102720445;0;0;0;0;0;0;0;0;0;0;0;0;0;0;0;0;0,068572403;0,122326933;0;0;0,038815965;0;0;0;0;0;0;0,226512911;0;0
"Ccapi";"Crepis capillaris";0;0,0355871886120996;19,73225806;4;1;0;0;0;0;0;0;0;0;0;0;0;0;0;0;0;0;0;0;0;0;0;0;0,036385688;0;0;0;0;0;0,166336634;0;0,016518308;0,038075459;0;0;0;0;0;0;0;0;0;0,006315623;0;0;0;0;0;0;0;0;0;0;0;0;0;0;0;0;0;0;0;0;0;0;0;0;0;0;0;0;0;0;0;0;0;0;0;0;0;0;0;0
"Crepi";"Crepis sp.";0;0,0332118774973256;22,239;5;1;0;0;0;1;0;0;0;0;0;0;0;0;0;0,00937675;0;0;0;0;0;0;0;0;0;0;0;0;0,004673891;0;0;0;0;0;0;0;0;0;0;0;0,010725298;0,043227666;0;0;0;0;0;0;0,0064;0;0;0,001561401;0;0;0;0;0,029881772;0;0;0;0;0;0;0;0;0;0;0;0;0;0;0;0;0;0;0;0;0;0;0;0;0;0;0
"Dglom";"Dactylis glomerata";1;0,0384615384615385;55,2;5;0;0;1;0;0;0;0;0,204136765;0;0;0;0;0;0;0;0;0;0;0;0;0;0;0;0;0;0;0;0;0;0;0;0;0;0;0;0;0;0;0;0;0;0;0;0;0;0;0,080906149;0;0;0,095823096;0,010929809;0;0,003742093;0;0;0;0;0;0;0;0;0;0;0;0;0,060325759;0,156191677;0;0;0,030749956;0;0;0;0;0;0;0;0;0;0;0;0;0
"Dgnid";"Daphne gnidium";0;0,106560583474606;170;5;1;1;1;1;0;0;0;0;0;0,001437704;0;0;0;0;0;0;0;0;0;0;0;0;0,022540984;0;0;0;0;0;0;0;0;0;0;0;0;0;0;0;0;0;0;0;0;0;0;0;0;0;0;0;0;0;0,007016424;0;0;0,008379888;0;0;0,005995803;0;0,017422952;0;0;0;0;0;0;0;0;0;0;0;0;0;0;0,021578853;0,003666884;0;0;0;0;0;0
"Dvisc";"Dittrichia viscosa";0;0,0343642611683849;140;4;1;0;0;1;0;0;0;0;0;0;0;0;0;0,001262567;0;0;0;0;0;0;0;0;0;0;0;0,022620618;0,006125783;0;0,012048193;0;0;0,041295769;0;0;0;0,037324981;0;0,006655574;0;0,084059525;0,017291066;0,018292683;0;0;0;0;0,171116505;0,072;0;0,123832924;0;0;0;0;0;0;0;0;0;0;0;0;0;0;0;0;0;0;0;0;0;0;0;0;0;0;0;0;0;0;0;0;0
"Eplant";"Echium plantagineum ";0;0,0382189948404357;30;5;1;0;0;0;0;0;0;0,003963821;0;0;0;0;0,001188278;0;0;0;0,021505376;0;0;0;0;0;0;0;0;0;0;0;0;0;0;0;0;0;0;0;0;0;0;0;0;0;0;0;0;0;0;0;0;0;0;0;0;0;0;0;0;0;0;0;0;0;0;0;0;0;0;0;0;0;0;0;0;0;0;0;0;0;0;0;0;0;0
"Earbo";"Erica arborea";0;0,113997229639325;270;3;1;0;1;1;0;0;0;0;0;0;0;0;0;0;0;0;0;0;0;0;0;0;0;0;0;0;0;0;0;0;0;0;0;0;0;0;0;0;0;0;0;0;0;0;0;0;0;0;0;0;0;0;0;0;0;0,001948811;0,098720293;0,01627907;0;0,062905445;0,079680966;0;0;0;0;0,016086869;0,020360181;0;0;0;0;0;0;0;0,047202797;0,037762992;0;0;0;0;0;0;0
"Ebaet";"Erophaca baetica";0;0,0166666666666667;60;5;1;0;1;0;0;0;0;0;0;0;0;0;0;0;0;0;0;0;0;0;0;0;0;0;0;0;0;0;0;0;0;0,115628155;0;0;0;0;0;0;0;0;0;0,029268293;0;0;0;0;0;0;0;0;0;0;0;0;0;0;0;0;0;0,039315903;0;0;0,153421824;0;0;0,261411623;0;0;0;0;0;0;0;0;0;0,022477972;0,097783572;0;0;0;0;0;0
"Enast";"Erucastrum nasturtiifolium";0;0,0793021411578113;40;4;1;0;0;0;0;0;0;0,009909552;0;0;0;0;0;0;0;0;0;0;0;0;0;0;0;0;0;0;0;0;0;0;0;0;0;0;0;0;0;0;0;0;0;0;0;0;0;0;0;0;0;0;0;0;0;0;0;0;0;0;0;0;0;0;0;0;0;0;0;0;0;0;0;0;0;0;0;0;0;0;0;0;0;0;0
"Eexig";"Euphorbia exigua";0;0,036331598499505;9,9;3;1;1;0;0;0;0;0;0;0;0;0,010432657;0;0;0;0;0,005554288;0;0;0;0;0;0;0;0;0;0;0;0;0;0;0,00632409;0;0;0;0;0;0;0;0;0;0;0;0;0,017363437;0,004422051;0;0;0;0,006214211;0;0;0;0;0,003864323;0;0;0;0;0;0;0;0;0;0;0,009724473;0;0,020825557;0;0;0;0;0;0;0;0,001748252;0;0;0;0;0;0;0;0
"Eheli";"Euphorbia helioscopia";0;0,0314861460957179;30;5;1;0;0;0;0;0;0;0;0;0;0;0,002172194;0,001188278;0;0,003125583;0;0;0;0;0;0;0;0,006830601;0;0;0;0;0;0;0;0;0;0;0;0;0;0;0;0;0;0;0;0;0;0;0;0;0;0;0;0;0;0;0;0;0;0;0;0;0;0;0;0;0;0;0;0;0;0;0;0;0;0;0;0;0;0;0;0;0;0;0;0
"Fvulg";"Foeniculum vulgare";0;0,167855644146034;143,4;4;1;1;0;0;0;0;0;0;0;0;0;0;0;0,004915594;0,007813958;0;0,322580645;0,379888268;0,139205425;0,446194226;0;0;0;0;0;0,079158935;0;0;0;0;0;0;0;0,052910053;0;0;0;0;0;0;0;0,085365854;0,10578669;0;0;0;0;0;0;0;0;0;0;0;0;0;0;0;0;0;0;0;0;0;0;0;0;0;0,110383536;0,003074996;0;0;0,057277444;0;0;0;0;0;0;0;0;0;0
"Gtome";"Galactites tomentosa";0;0,111482720178372;57,5;5;1;0;0;0;0;0;0;0;0;0;0;0;0,004753113;0;0;0;0,068100358;0;0;0;0;0;0;0,092177077;0;0;0,057173972;0;0,082998661;0,050165017;0;0,064237864;0;0,005291005;0,017201202;0;0;0,106489185;0;0;0,097982709;0,23902439;0,029999211;0;0;0,108108108;0;0;0;0;0;0;0;0;0;0;0;0;0;0;0;0;0;0;0;0;0;0;0,026192703;0,029212459;0,004732183;0,091842266;0;0;0;0;0;0;0;0;0,009969758;0;0
"Gapar";"Galium aparine";0;0,03725782414307;150;4;1;1;0;0;0;0;0;0;0;0;0,005961519;0;0;0;0;0;0;0;0;0;0;0;0;0;0,027839306;0;0;0;0;0;0;0;0;0;0;0;0;0;0;0;0;0;0;0;0;0;0;0;0;0;0;0;0;0;0;0;0;0;0;0;0;0;0;0;0;0;0;0;0;0;0;0;0;0;0;0;0;0;0;0;0;0;0
"Gminu";"Galium minutulum";0;0,03725782414307;10;4;0;0;1;0;0;0;0;0;0;0;0;0;0;0;0;0;0;0;0;0;0;0;0;0;0;0;0;0;0;0;0;0;0;0;0;0;0;0;0;0;0;0;0;0;0;0;0;0;0;0;0;0;0;0;0;0;0;0;0;0;0;0;0;0,005492996;0;0;0;0;0;0;0;0;0;0;0;0;0;0;0;0;0;0;0
"Gmura";"Galium murale";0;0,0480538202787122;5,1;4;0;0;1;0;0;0;0;0;0;0;0;0;0;0;0;0;0;0;0;0;0;0;0;0;0;0;0;0;0;0;0;0;0;0;0;0;0;0;0;0;0;0;0;0;0;0;0;0;0;0;0;0;0;0;0;0;0;0;0;0;0;0;0;0;0;0;0,032973798;0;0;0,061499913;0;0;0;0,009533746;0;0;0;0,064593237;0;0,00398648;0;0;0
"Gtour";"Genista tournefortii";0;0,0459664444955183;170;2;1;0;0;1;0;0;0;0;0;0,018690155;0;0,045616067;0;0;0;0;0;0;0;0;0;0;0,053790984;0;0;0;0;0;0;0;0,002409177;0;0;0;0;0;0;0;0;0;0;0;0;0;0;0;0;0;0;0;0;0;0;0;0;0;0;0;0;0;0;0;0;0;0;0;0;0,052664339;0;0;0;0;0;0;0;0;0;0;0,005411406;0;0;0;0
"Geof1";"Geof1";0;0,0461871576891634;40,56374969;4;1;0;0;0;1;0;0;0;0;0;0;0;0;0;0;0;0;0;0;0;0;0;0;0;0;0;0;0;0;0;0;0;0;0;0;0;0;0;0;0;0;0;0;0;0;0;0;0;0;0;0;0;0;0;0;0;0;0;0;0;0,012389655;0;0;0;0;0;0;0;0;0;0;0;0;0;0;0;0;0;0;0;0;0;0
"Grobe";"Geranium robertianum";0;0,0305970802980902;21,7;4;1;1;0;0;0;0;0;0;0;0;0;0;0;0;0;0;0;0;0;0;0;0;0;0;0;0;0;0;0;0;0;0;0;0;0;0;0;0;0;0;0;0;0;0;0;0;0;0;0;0;0;0;0;0;0;0;0;0;0;0;0;0;0;0;0,01458671;0;0,007809584;0;0;0,003074996;0,039434859;0,011979426;0;0;0;0;0;0;0;0;0;0,044829957;0
"Grotu";"Geranium rotundifolium";0;0,036895182807132;17,5;6;1;0;0;0;0;0;0;0;0;0;0;0;0;0;0;0;0;0;0;0;0;0;0;0;0;0;0;0;0;0;0;0;0;0;0;0;0;0;0;0;0;0;0;0;0;0;0;0;0;0;0;0;0;0;0;0;0;0;0;0;0;0;0,031029133;0,016478989;0;0;0;0;0;0,018449974;0;0;0;0;0;0;0;0;0;0;0;0,019212839;0
"Gilly";"Gladiolus illyricus";0;0,0501504513540622;30;4;1;0;1;0;0;0;0;0;0;0;0;0;0;0;0;0;0;0;0;0;0;0;0;0;0;0;0;0;0;0;0;0;0;0;0;0;0;0;0;0;0;0;0;0;0;0;0;0;0;0;0;0;0;0;0;0;0;0;0;0;0;0,011297307;0;0;0,01458671;0;0,015619168;0;0;0;0;0;0;0;0;0;0;0;0;0;0;0;0
"Gram1";"Gram_ni1";0;0,405728891954396;32,21899;4;0;0;0;0;1;0;0;0;0;0;0;0;0;0;0;0;0;0;0;0;0;0;0;0;0;0;0;0;0;0;0;0;0;0;0;0;0;0;0;0;0;0;0;0;0;0;0;0;0;0;0;0;0;0;0;0;0;0;0;0;0,116153012;0;0;0;0;0;0;0;0;0;0;0;0;0;0;0;0;0;0;0;0;0;0
"Hstoe";"Helichrysum stoechas";1;0,0716332378223496;68;5;1;0;0;1;0;0,003341572;0,001295696;0;0;0,007188521;0;0;0;0;0;0;0;0;0;0;0;0;0;0;0;0;0;0;0;0;0;0;0;0;0;0;0;0;0;0;0;0;0;0;0;0;0;0;0;0;0;0;0;0;0;0;0;0;0;0;0;0;0;0;0;0;0;0;0;0;0;0;0;0;0;0;0;0,019097131;0;0;0;0;0
"Iproc";"Iberis procumbens";0;0,0291375291375291;20;5;1;1;0;1;0;0;0;0;0;0;0;0;0;0;0;0;0;0;0;0;0;0;0;0;0;0;0;0;0;0;0;0;0;0;0;0;0;0;0;0;0;0;0;0;0;0;0;0;0;0;0;0;0;0;0;0;0;0;0;0,002948693;0;0;0;0;0;0;0;0;0;0;0;0;0;0;0;0;0;0;0;0;0;0;0
"Jfrut";"Jasminum fruticans";0;0,0788022064617809;110;4;1;1;1;1;0;0;0;0;0;0;0;0;0,037787246;0;0;0;0;0;0;0;0;0;0;0;0;0;0;0;0;0;0,001927342;0;0;0;0;0;0;0;0;0;0;0;0;0;0;0;0;0;0;0;0;0;0;0;0;0;0,005484461;0,037209302;0;0;0;0;0,003620066;0;0,007293355;0;0;0;0;0;0;0;0;0;0;0;0;0;0;0;0;0;0
"Jphoe";"Juniperus phoenicea";1;0,170940170940171;470;3;0;1;0;1;0;0,078109235;0;0;0;0;0;0;0,012476921;0;0;0,163145748;0;0;0;0;0,095160019;0,053014347;0;0;0,028224181;0;0;0,052581275;0;0;0,001204589;0,016518308;0;0;0;0,046656226;0,038887709;0;0,003008242;0;0;0,036585366;0,015394332;0,039411174;0,198378101;0;0;0;0,00559279;0,028378378;0,052931505;0,072578333;0,012348906;0;0,07456979;0,001948811;0,139853748;0,239534884;0;0,065264399;0;0;0,108084813;0;0;0;0;0;0;0,087637376;0,021294824;0,088448095;0,109543111;0,008171782;0,084965035;0;0;0,022467213;0,035174138;0,065378276;0;0;0
"Lstoe";"Lavandula stoechas";0;0,0806451612903226;80;7;1;0;0;1;0;0;0;0;0;0;0;0;0;0;0;0;0;0;0;0;0;0;0;0;0;0;0;0;0;0;0;0,008259154;0;0;0;0;0;0;0;0;0;0;0;0;0;0;0;0;0;0;0;0;0;0;0;0;0;0;0;0;0;0;0;0;0;0;0;0;0;0;0;0;0;0;0;0;0;0;0;0;0;0;0
"Lcret";"Lavatera cretica";0;0,0477970471228052;90;5;1;0;1;0;0;0;0;0;0;0;0,00149038;0;0;0;0;0;0;0;0;0;0;0;0;0;0;0;0;0;0;0;0;0;0;0;0;0;0;0;0;0;0;0;0;0;0;0;0;0;0;0;0;0;0;0;0;0;0;0;0;0;0;0;0;0;0;0;0;0;0;0;0;0;0;0;0;0;0;0;0;0;0;0;0
"Lolbi";"Lavatera olbia";0;0,0477970471228052;200;3;1;0;1;0;0;0;0;0;0;0;0;0;0;0;0;0;0;0;0;0;0;0;0;0;0;0;0;0;0;0;0;0;0;0,052910053;0;0;0;0,004437049;0;0;0,002881844;0;0;0;0;0,403603604;0;0;0;0;0;0;0;0;0,185468451;0;0;0;0;0;0;0;0;0;0;0;0;0;0;0;0;0;0;0;0;0;0;0;0;0;0;0;0
"Ltara";"Leontodon taraxacoides";0;0,0564812199943519;13,59561404;4;1;0;0;0;0;0;0;0,011891462;0;0;0,002980759;0,002172194;0,001188278;0;0;0;0,089605735;0;0;0;0;0;0;0;0;0;0,00816771;0;0;0;0;0;0;0;0;0;0;0;0;0;0;0;0;0;0;0;0;0;0;0;0;0;0;0;0;0;0;0;0;0;0;0;0;0;0,031604538;0;0;0;0;0;0;0;0;0;0;0;0;0;0;0;0;0;0
"Limpl";"Lonicera implexa";1;0,091743119266055;225;4;1;1;1;1;0;0;0;0;0;0,001150163;0;0;0,005347252;0,041664713;0;0,003666197;0;0;0;0;0;0;0;0;0;0,428998036;0,036754696;0;0;0;0,013250474;0;0;0;0;0,00622083;0;0;0;0;0;0;0;0;0,01074804;0;0;0;0;0;0;0;0;0;0;0,007795245;0;0,048837209;0,10102928;0,00393159;0;0;0,064644027;0;0;0;0;0;0;0;0,005915229;0;0,00494018;0;0;0;0;0;0;0;0;0;0
"Ljapo";"Lonicera japonica";0;0,0869565217391304;95;5;1;1;1;1;0;0;0;0;0;0;0;0;0;0;0;0;0;0;0;0;0;0;0;0;0;0;0;0;0;0;0;0;0;0;0;0;0;0;0;0;0;0;0;0;0;0;0;0;0;0;0;0;0;0;0;0;0;0;0;0;0;0;0;0;0;0;0;0;0;0;0;0,039332449;0;0;0;0;0;0;0;0;0;0;0
"Mpoly";"Medicago polymorpha";0;0,044474093840338;21,55;5;1;1;0;0;0;0;0;0;0;0;0;0;0;0;0;0;0;0;0;0,102362205;0,011791568;0;0;0,063068526;0;0,260864671;0,242308739;0;0,224899598;0;0;0;0,027691243;0;0,032682283;0;0;0;0;0,002681325;0;0;0;0;0;0;0;0;0;0;0;0;0;0;0;0;0;0;0;0;0;0;0;0;0;0;0;0;0;0;0;0;0;0;0;0;0;0;0;0;0,024924396;0;0
"Mcili";"Melica ciliata";0;0,0401606425702811;70;2;0;1;1;0;0;0;0;0;0;0;0;0;0,043966293;0,00860229;0;0;0;0;0;0;0;0;0;0;0;0,003598133;0;0;0;0;0;0;0;0;0;0;0;0;0;0;0;0;0;0;0;0;0;0;0;0;0;0;0;0;0;0;0;0;0;0;0;0;0;0;0;0;0;0;0;0;0;0;0;0;0;0;0;0;0;0;0;0;0
"Mminu";"Melica minuta";0;0,184672206832872;42;2;0;0;0;0;0;0;0;0;0;0;0;0;0,016635895;0;0;0;0;0,008938547;0;0;0;0;0;0;0;0;0;0;0;0;0;0;0;0;0;0;0;0;0;0;0;0;0,026841399;0,009646354;0;0;0;0;0;0;0;0;0;0;0,015296367;0;0;0;0;0;0;0;0;0;0;0;0;0;0;0;0;0;0;0;0;0;0;0;0;0;0;0;0
"Marve";"Moricandia arvensis";0;0,105820105820106;34,82;4;1;0;1;0;0;0;0;0;0;0;0;0;0;0;0;0;0,193548387;0;0;0;0;0;0;0;0;0;0;0;0;0;0;0;0;0;0;0;0;0;0;0;0;0;0;0;0;0;0;0;0;0;0;0;0;0;0;0;0;0;0;0;0;0;0;0;0;0;0;0;0;0;0;0;0;0;0;0;0;0;0;0;0;0;0
"Mcomm";"Myrtus communis";1;0,109575531783753;260;3;1;1;1;1;0;0,175850204;0;0;0,085729891;0,03076687;0,005695718;0,014662307;0,034400653;0,132569542;0,022950087;0,119151389;0;0;0;0;0,006206088;0;0;0,009096422;0,010263339;0;0;0,105162551;0,036144578;0,02970297;0;0,016518308;0;0;0,110173696;0;0,01296257;0;0;0,008043974;0;0;0;0,17303382;0,056811066;0,027027027;0;0;0;0;0,230228626;0;0;0;0,04875717;0;0;0;0;0;0;0;0;0;0;0;0;0,006906798;0;0,012761232;0;0;0,027278383;0,037794492;0;0;0;0,019771147;0,025974748;0,019932401;0,013957662;0;0
"Nsalz";"Narduroides salzmannii";0;0,0377861831042861;40;3;0;0;0;0;0;0;0;0;0;0;0;0;0;0;0;0;0;0;0;0;0;0;0;0;0;0;0;0;0;0;0;0;0;0;0;0;0;0;0;0;0;0;0;0;0;0;0;0;0;0;0;0;0;0;0;0;0;0;0;0;0;0;0;0;0;0;0,052063892;0;0;0;0;0;0;0;0;0;0;0;0;0;0;0;0
"Oeuro";"Olea europaea";0;0,170265903410026;890;3;0;1;1;1;0;0;0;0,001278652;0,077156902;0,030191789;0,092840209;0;0,016041756;0,020201073;0;0,051693372;0;0;0;0;0,012412176;0;0,311987705;0,029108551;0,082106709;0;0,056765587;0;0,02811245;0,095049505;0,078298253;0,034963751;0;0;0;0;0,080367932;0,06655574;0,030082423;0;0;0,018292683;0,004736717;0,078822347;0,001535434;0;0,018203883;0;0,051733305;0;0,098368284;0,090722917;0;0;0,143403442;0;0;0;0;0;0;0,11777443;0;0,074979401;0,247974068;0;0,017451584;0,019511706;0,221702526;0,030749956;0,047321831;0,151739396;0,003221856;0,036773019;0,051398601;0,07147995;0;0,044934426;0,006493687;0,077337717;0;0,025617118;0,135567168
"Olini";"Omphalodes linifolia";0;0,0435198885890852;40;3;1;0;0;0;0;0;0;0;0;0;0;0;0;0;0;0;0;0;0;0;0;0;0;0;0;0;0;0;0;0;0;0;0;0;0;0;0;0;0;0;0;0;0;0;0;0;0;0;0;0;0;0;0;0;0;0;0;0;0;0;0;0;0;0;0;0;0;0;0;0;0;0;0;0;0,115384615;0;0;0;0;0;0;0;0
"Onatr";"Ononis natrix";1;0,0443271221559532;70;9;1;0;1;1;0;0;0;0;0;0;0;0;0;0;0;0;0;0;0;0;0;0;0;0,007277138;0;0;0;0;0;0;0;0;0;0;0,018921322;0;0;0;0;0,107252983;0;0;0;0;0;0;0;0,0656;0;0,002457002;0;0;0;0;0;0;0;0;0;0;0;0;0;0;0;0;0;0;0,037418148;0;0;0;0;0;0;0;0;0;0;0;0;0;0
"Orecl";"Ononis reclinata";0;0,0445235975066785;15;4;1;1;0;0;0;0;0;0;0;0;0;0;0;0;0;0;0;0;0;0;0;0;0;0;0;0;0;0;0;0;0;0;0;0;0;0;0;0;0;0;0;0;0;0;0;0;0;0;0;0;0;0;0;0;0;0;0;0;0;0;0;0;0;0;0,009724473;0;0,005206389;0;0;0;0;0;0;0;0;0;0;0;0;0;0;0;0
"Ovisc";"Ononis viscosa";0;0,0445235975066785;30;3;1;0;0;0;0;0;0;0;0;0;0;0;0;0;0;0;0;0;0;0;0;0;0;0;0;0;0;0;0;0;0;0;0;0;0;0;0;0;0;0;0;0;0;0;0;0;0;0;0;0;0;0;0;0;0;0;0;0;0;0;0;0;0;0;0;0;0;0;0;0,012299983;0;0;0;0;0;0;0;0;0;0;0,022431956;0,012808559;0
"Oapif";"Ophrys apifera";0;0,0555555555555556;80;4;1;0;0;0;0;0;0;0;0;0;0;0;0;0;0;0;0;0;0;0;0;0;0;0;0;0;0;0;0;0;0;0;0;0;0;0;0;0;0;0;0;0;0;0;0;0;0;0;0;0;0;0;0;0;0;0;0;0;0;0;0;0;0;0;0;0;0;0;0;0;0;0,003993142;0;0;0;0;0;0;0;0;0;0,016010699;0
"Ovulg";"Origanum vulgare";0;0,0405302146468009;25;4;1;0;1;1;0;0;0;0;0;0;0;0;0;0;0;0;0;0;0;0;0;0;0;0,018192844;0;0;0;0;0;0;0;0;0;0;0;0;0;0;0;0;0;0;0;0;0;0;0;0;0;0;0;0;0;0;0;0;0;0;0;0;0;0;0;0;0;0;0;0;0;0;0;0;0;0;0;0;0;0;0;0;0;0;0
"Oalba";"Osyris alba";0;0,114942528735632;150;5;1;1;1;1;0;0;0;0;0;0;0;0;0;0;0;0;0;0;0;0;0;0;0;0;0;0;0;0;0;0;0;0;0;0;0;0;0;0;0;0;0;0;0;0;0;0;0;0;0;0;0;0;0;0;0;0;0;0;0;0;0;0;0;0;0;0;0;0;0;0;0;0;0,040810179;0;0;0;0;0;0;0;0;0;0
"Olanc";"Osyris lanceolata";0;0,352485019386676;500;12;0;1;1;1;0;0;0;0;0;0;0;0;0;0;0;0;0;0;0;0;0;0;0;0;0;0;0;0;0;0;0;0;0;0;0;0;0;0;0;0;0;0;0;0;0;0;0;0;0;0;0;0;0;0;0;0;0;0;0;0;0;0;0;0;0,004862237;0;0;0;0;0;0;0;0;0;0;0;0;0;0;0;0;0;0
"Psaxa";"Phagnalon saxatile";1;0,172413793103448;85;7;1;0;0;1;0;0;0;0;0;0,002875408;0;0;0,009803295;0;0;0;0;0,05027933;0;0;0;0,022720434;0;0;0;0;0;0;0;0;0;0;0,031152648;0;0,025801802;0;0;0;0;0;0;0;0;0;0;0;0;0;0;0;0;0;0;0;0;0;0;0;0;0;0;0;0;0;0;0;0;0;0;0;0;0;0;0;0;0;0;0,004493443;0;0;0;0;0
"Pangu";"Phillyrea angustifolia";1;0,19047619047619;370;3;0;1;0;1;0;0,010024715;0;0,035162925;0,04172188;0,040255718;0,00768922;0;0,009803295;0,018938506;0;0,058659145;0;0;0,003480136;0,062992126;0,04758001;0,063112318;0;0,018192844;0,028224181;0,003968529;0,061257827;0;0;0;0,011804967;0;0,036344756;0;0,021673514;0,040435396;0;0,079866889;0;0;0;0,032926829;0;0,028150838;0,082913448;0;0,013652913;0;0;0,012899263;0,008197357;0,011165897;0;0;0;0,126088086;0;0;0,145398221;0,062905445;0,101285427;0;0,014221686;0,059049712;0;0,018097728;0,002908597;0,089270371;0;0,033824952;0,058442461;0;0,006443712;0,021655222;0,127972028;0,036414314;0,05255867;0,074141803;0,040044403;0,022324289;0,045860889;0,065323652;0,115848307
"Plati";"Phillyrea latifolia";0;0,107642626480086;350;3;0;1;1;1;0;0;0;0;0;0;0,014239296;0;0,053116035;0,001262567;0;0;0;0;0;0;0;0;0,071721311;0;0;0,013493;0;0;0;0;0,010600379;0;0;0;0;0;0;0;0;0;0;0;0;0,018767226;0;0;0;0;0;0;0;0,016748846;0;0;0;0;0,106946984;0,194186047;0,022484261;0,050127777;0;0,169459612;0,018100328;0;0,070502431;0,038206314;0;0,027627194;0;0,003536245;0;0;0,003221856;0;0,112237762;0,051249775;0;0;0;0,009567553;0,05981855;0;0,007394573
"Ppurp";"Phlomis purpurea";1;0,11001100110011;250;4;1;0;0;1;0;0;0;0;0;0;0;0;0;0;0;0;0;0;0;0;0;0;0;0,311097635;0;0;0;0;0;0,083168317;0;0;0,286085151;0;0,025801802;0;0;0;0;0;0;0;0;0;0;0;0;0;0;0;0;0;0;0;0;0,004872028;0;0;0;0;0,00232306;0;0;0,002746498;0;0;0,046246698;0;0;0;0;0;0;0;0;0;0;0;0;0;0;0;0
"Pechi";"Picris echioides";0;0,0392156862745098;90;6;1;0;0;0;0;0;0;0;0;0;0;0;0;0;0;0;0;0;0;0;0;0;0;0;0;0;0;0;0;0,079207921;0;0;0;0;0;0;0;0;0;0;0;0;0;0;0;0;0;0;0;0;0;0;0;0;0;0;0;0;0;0;0;0;0;0;0;0;0;0;0;0;0;0;0;0;0;0;0;0;0;0;0;0,204936946;0
"Phier";"Picris hieracioides";0;0,0510204081632653;9,1;6;1;0;0;0;0;0;0;0;0;0;0;0;0;0;0;0;0;0;0;0;0;0;0;0;0;0;0;0;0;0;0;0;0;0;0;0;0;0;0;0;0;0;0;0;0;0;0;0;0;0;0;0;0;0;0;0;0;0;0;0;0;0;0;0;0,02917342;0;0;0;0;0;0;0;0;0;0;0;0;0;0;0;0;0;0
"Phale";"Pinus halepensis";1;0,166112956810631;1300;3;0;0;0;1;1;0,315395526;0,404411702;0,351915318;0,374850013;0,263416205;0,478015893;0,528959799;0,552732091;0,409758314;0,531676148;0,316236005;0;0;0,009321389;0;0,273557276;0,644046529;0;0;0,500431992;0,040171462;0;0,36026115;0;0;0,595981012;0;0;0;0,027516622;0,009851205;0,509150694;0;0,012293784;0;0;0;0;0,296867126;0,342281399;0;0;0;0,597319137;0;0,539230469;0,694240509;0,684803236;0,563331459;0;0;0;0;0;0;0;0;0;0;0;0;0;0,007838396;0;0,119782496;0,053799994;0,083640466;0,149358361;0,281972754;0;0;0;0,455619429;0,290925452;0,329474023;0;0,009257952;0,041581202
"Ppine";"Pinus pinea";1;0,164203612479475;1800;3;0;1;0;1;1;0;0;0;0;0;0;0;0;0;0;0;0;0;0;0;0,023830791;0;0;0;0;0;0;0;0;0;0;0;0;0;0,036738016;0;0;0;0;0;0;0;0;0;0;0;0;0;0;0;0;0;0;0;0;0;0;0;0;0;0;0;0;0;0;0;0;0;0;0;0;0;0;0;0;0;0;0;0,259747481;0;0;0;0
"Pmili";"Piptatherum miliaceum";1;0,0551571980143409;130;8;0;1;0;0;0;0;0;0,007927641;0;0;0;0,006516581;0,022577286;0,00860229;0,145339624;0;0,021505376;0,026815642;0,102083979;0;0,233473039;0;0,023907104;0,160097028;0;0;0;0;0,302543507;0;0;0,060567129;0;0;0;0,425090058;0;0,237382141;0,180494537;0;0;0,004878049;0;0;0,038324438;0;0;0;0;0;0;0;0;0;0,066921606;0;0;0;0;0;0;0;0;0;0;0;0;0;0;0;0;0,01996571;0;0;0;0;0;0;0;0;0;0;0
"Plent";"Pistacia lentiscus";1;0,130718954248366;370;2;1;1;1;1;0;0;0;0;0,091445217;0;0,024206803;0,006516581;0,021210766;0;0;0;0;0;0,034801356;0;0;0;0;0;0;0;0;0;0;0;0,006745696;0;0;0;0;0;0,090737988;0;0,012032969;0;0;0;0,021315229;0,012761713;0,026102382;0;0;0;0,010253448;0;0,01171051;0,026519006;0;0;0;0,125698324;0;0,058139535;0,119916059;0,036367211;0,011615301;0;0,052749526;0,127986817;0,167747164;0,012065152;0,027049955;0;0;0;0;0;0,00536976;0,005107364;0,057692308;0,005394713;0,009778357;0;0;0,005581072;0,043866937;0,085817346;0,078875443
"Pltgo";"Plantago sp.";0;0,0443840426938983;35,412;4;0;0;0;0;1;0;0;0;0;0;0;0;0;0;0;0;0;0;0;0;0;0;0;0;0;0;0;0;0;0;0;0;0;0;0;0;0;0;0;0;0;0;0;0;0;0;0;0;0;0;0;0;0;0;0;0;0;0;0;0;0;0;0;0;0,019448947;0;0;0;0;0;0;0;0;0;0;0;0;0;0;0;0;0;0
"Pmari";"Polypogon maritimus";0;0,0377861822476087;30;5;1;0;0;0;0;0;0;0;0;0;0;0;0;0,027035769;0;0;0;0;0;0;0;0;0;0;0;0;0;0;0;0;0;0;0;0;0;0;0;0;0;0;0;0;0;0;0;0,046846847;0;0;0;0;0;0;0;0;0;0;0;0;0;0;0;0;0;0;0;0;0;0;0;0;0;0;0;0;0;0;0;0;0;0;0;0;0
"Pbitu";"Psoralaea bituminosa";0;0,0542593597395551;26;5;1;1;0;0;0;0,108601076;0,348398279;0;0;0;0,011923037;0,089059941;0;0,068818322;0,168781499;0;0,039426523;0,299441341;0,041761628;0,167979003;0,101407481;0,159884538;0;0;0,011931131;0,053972001;0,046283692;0,20565121;0,093708166;0;0,005059272;0,029365881;0;0;0,2304961;0,230170715;0,060491992;0;0;0,512132994;0,21037464;0,170731707;0,183153075;0;0;0,021621622;0,26092233;0,1312;0,003107105;0,132678133;0;0,016748846;0;0,197080492;0,030592734;0;0;0;0,055960827;0;0;0;0;0;0,04376013;0;0;0;0;0,073799896;0,023660915;0,125783973;0;0,143006185;0;0;0,010185789;0,067401639;0;0,019932401;0,009969758;0;0
"Podor";"Pulicaria odora";0;0,0702247191011236;30;4;1;0;0;0;0;0;0;0;0;0;0;0;0;0;0;0;0;0;0;0;0;0;0;0;0;0;0;0;0;0;0;0;0;0;0;0;0;0;0;0;0;0;0;0;0;0;0;0;0;0;0;0;0;0;0;0;0;0;0;0,058973855;0;0;0;0;0;0;0;0;0;0;0;0;0;0;0;0;0;0;0;0;0;0,107271683;0
"Qcocc";"Quercus coccifera";1;0,0681198910081744;420;3;0;1;1;1;0;0;0;0;0;0,065271772;0;0,007819897;0;0;0;0;0;0;0;0;0;0;0,007684426;0;0;0;0,004083855;0;0;0;0;0,049554923;0;0;0;0,037324981;0,005185028;0;0;0,012065961;0;0;0;0;0;0,021621622;0;0;0,037751331;0;0;0;0;0;0,065965583;0,120631415;0,366087751;0,081395349;0,150494654;0,313544329;0,376103454;0,093202787;0,067229788;0,317220544;0,04376013;0,239694349;0,143393848;0,049728949;0;0;0;0;0,006443712;0;0,121678322;0,346610322;0,335642112;0,004493443;0;0;0,009969758;0,06276194;0,05176201
"Qfagi";"Quercus faginea";1;0,100831862868666;2000;4;0;0;1;1;0;0;0;0;0;0;0,015663225;0;0;0,025251341;0,07540743;0;0;0;0;0;0;0;0;0;0,053882528;0;0;0;0;0;0;0;0;0;0;0;0;0;0,063173088;0;0;0;0;0;0;0;0;0;0;0;0;0,020936058;0,014051853;0;0,037284895;0;0;0;0;0;0;0;0;0;0;0;0;0;0;0;0,026027007;0;0;0;0;0;0;0;0,017316499;0;0;0;0,048064723
"Rrugo";"Rapistrum rugosum";0;0,0846023688663283;80;3;1;0;0;0;0;0;0;0;0;0;0;0;0;0;0;0;0;0;0;0;0;0;0;0;0;0;0;0;0;0;0;0;0;0;0;0;0;0;0,07019232;0;0;0;0;0;0;0;0;0;0;0;0;0;0;0;0;0;0;0;0;0;0;0;0;0;0;0;0;0;0;0;0;0;0;0;0;0;0;0;0;0;0;0;0
"Rmono";"Retama monosperma";1;0,0736919675755343;340;4;1;1;0;1;0;0;0,103655686;0;0;0,028754084;0;0;0;0;0;0,018330983;0;0,083798883;0;0;0;0;0;0;0;0;0;0;0;0;0;0;0;0;0;0;0;0;0;0;0;0;0,03789374;0,041287896;0;0;0;0;0;0;0;0;0;0;0;0;0;0;0;0;0;0;0;0;0;0;0;0;0,016838167;0,024599965;0,094643662;0;0,056704669;0;0;0;0;0;0;0;0;0;0
"Ralat";"Rhamnus alaternus";0;0,104166666666667;370;4;1;1;1;1;0;0;0;0;0;0;0;0;0,013546371;0;0;0;0;0;0;0;0;0;0;0;0;0;0;0;0;0;0;0;0;0;0;0;0;0;0;0;0;0;0;0;0;0;0;0;0;0;0;0;0;0;0;0;0;0;0,023983212;0;0;0;0;0;0,002431118;0,004021717;0;0,003108059;0;0;0;0;0;0;0;0;0;0;0;0;0,03589113;0;0
"Rlyci";"Rhamnus lycioides";0;0,112170499158721;220;3;0;1;1;1;0;0;0;0;0;0;0;0;0;0;0;0;0;0;0;0;0;0;0;0;0;0;0;0;0;0;0;0;0;0;0;0;0;0;0;0;0;0;0;0;0;0;0;0;0;0;0;0;0;0;0;0;0,005484461;0,01627907;0;0;0;0,012709471;0,002585761;0,008239495;0,012155592;0,020108586;0,023268779;0;0;0;0;0;0;0;0,017832168;0,006743391;0;0;0;0;0;0;0
"Roffi";"Rosmarinus officinalis";1;0,0726216412490922;190;9;1;1;0;1;0;0;0;0,051146073;0,022861304;0,024440972;0;0;0;0;0;0,084322522;0;0;0;0;0;0;0,232069672;0,023650697;0,025658347;0;0;0;0;0;0,023128099;0;0;0;0;0;0,044072737;0;0;0,020109934;0,034582133;0;0;0;0;0;0,016686893;0,0192;0;0;0;0;0;0,104336731;0,037284895;0;0,069926874;0,047674419;0;0,029486927;0;0,072585201;0,327098776;0,012908542;0;0,114618942;0,004944615;0;0;0;0;0,030547536;0,03651437;0,124211087;0,122727273;0,262722532;0,245681226;0;0;0;0;0,003842568;0
"Rcris";"Rostraria cristata";0;0,0264550264550265;60;3;0;0;0;0;0;0;0;0;0;0;0;0;0;0;0;0,029622868;0;0,004469274;0;0;0;0;0;0;0;0;0;0,009347782;0;0,007920792;0;0;0;0;0,063644446;0;0;0;0;0;0;0;0;0,001929271;0;0;0;0;0,049713687;0;0;0;0;0;0;0;0;0;0;0;0,116153012;0;0;0;0;0;0;0;0;0;0;0;0;0;0;0;0;0;0;0;0;0;0
"Rpere";"Rubia peregrina";0;0,0684899583961172;75;5;1;1;0;1;0;0;0,002159493;0;0,005715326;0,002875408;0;0;0,000891209;0,043179794;0;0;0;0;0;0;0;0;0,005122951;0;0;0;0;0;0;0;0;0;0;0;0;0;0;0;0;0;0;0;0;0;0,000921261;0;0;0;0;0;0;0,003070622;0;0;0;0;0;0;0,005995803;0;0,00464612;0;0;0;0;0;0;0;0;0;0;0;0;0;0;0;0;0;0;0;0;0;0
"Rulmi";"Rubus ulmifolius";0;0,0792314548875904;170;5;1;1;1;1;0;0;0;0;0;0;0;0;0;0;0;0;0;0,033519553;0,034801356;0;0;0;0;0;0;0;0;0;0;0;0;0;0;0;0,02734991;0;0;0;0;0;0;0;0;0;0;0;0;0;0;0;0;0;0;0;0;0;0;0;0;0;0;0;0;0;0;0;0;0,005180099;0;0;0;0;0;0;0;0;0;0;0;0;0;0;0
"Racul";"Ruscus aculeatus";0;0,0840336134453781;2,5903;4;1;1;1;0;0;0;0;0;0;0;0;0;0;0;0;0;0;0;0;0;0;0;0;0;0;0;0;0;0;0;0;0;0;0;0;0;0;0;0;0;0;0;0;0;0;0;0;0;0;0;0;0;0;0;0;0;0;0;0;0;0;0;0;0;0,04376013;0;0;0;0;0;0;0;0;0;0;0;0;0;0;0;0;0,016010699;0
"Rchal";"Ruta chalepensis";0;0,122940742562085;140;5;1;0;1;1;0;0;0;0;0;0;0;0;0;0;0;0;0;0;0;0;0;0;0;0;0;0;0;0;0;0;0;0;0;0;0;0;0;0;0;0;0;0;0;0;0;0;0;0;0;0;0;0;0;0;0;0;0;0;0;0;0;0;0;0;0,007293355;0;0;0;0;0;0;0;0;0;0;0;0;0;0;0;0;0;0
"Sscla";"Salvia sclareoides";0;0,0892060660124888;15;3;1;0;0;0;0;0;0;0;0;0;0;0;0;0;0;0;0;0;0;0;0;0;0;0;0;0;0;0;0;0;0;0;0;0;0;0;0;0;0;0;0;0;0;0;0;0;0;0;0;0;0;0;0;0;0;0;0;0;0;0;0;0;0;0;0;0;0;0;0;0;0;0;0;0;0;0;0;0;0;0;0,04154066;0;0
"Smino";"Sanguisorba minor";1;0,0561608446591037;27,6;7;1;0;0;0;0;0;0;0;0;0;0;0;0;0;0;0;0;0;0;0;0;0;0;0;0;0;0;0;0;0;0;0;0;0;0;0;0;0;0;0;0;0;0;0;0;0;0,01618123;0,1024;0;0;0;0;0;0;0;0;0;0;0;0;0;0;0;0;0;0;0;0;0;0;0;0;0;0;0;0;0;0;0;0;0;0,009606419;0
"Smuri";"Scorpiurus muricatus";0;0,0663768212140321;18,7;4;1;1;0;0;0;0;0;0;0;0;0;0;0;0;0;0;0;0;0;0;0;0;0;0;0;0;0;0,009347782;0;0;0;0;0;0;0,00172012;0;0;0;0;0,010725298;0;0;0;0;0;0;0;0,0128;0;0;0;0;0;0;0;0;0;0;0;0;0;0;0;0;0;0;0;0;0;0;0;0;0;0;0;0;0;0;0;0;0;0;0
"Salbu";"Sedum album";0;0,0663129973474801;15;3;1;0;0;0;0;0;0;0,005945731;0;0;0;0;0;0;0;0;0;0;0;0;0;0;0;0;0;0;0;0;0;0;0;0;0;0;0;0;0;0;0;0;0;0;0;0;0;0;0;0;0;0;0;0;0;0;0;0;0,005484461;0,007751938;0;0;0;0;0;0;0;0;0;0;0;0;0;0;0;0;0;0;0;0;0;0;0;0;0
"Ssedi";"Sedum sediforme";0;0,181818181818182;12,6;5;1;0;1;0;0;0;0;0,00198191;0;0;0;0;0;0;0;0;0;0;0;0;0;0;0;0;0;0;0;0;0;0;0;0;0;0;0;0;0;0;0;0;0;0;0;0;0;0;0;0;0;0;0;0;0;0;0;0;0;0;0;0;0;0;0;0;0,065640194;0;0,052063892;0;0;0;0;0;0;0;0;0;0;0;0;0;0;0;0
"Sparv";"Serapias parviflora";0;0,0623014142421033;21;3;0;0;0;0;0;0;0;0;0;0;0;0;0;0;0;0;0;0;0;0;0;0;0;0;0;0;0;0;0;0;0;0;0;0;0;0;0;0;0;0;0;0;0;0;0;0;0;0;0;0;0;0;0;0;0;0;0;0;0;0;0;0;0;0;0;0;0,005206389;0;0;0,015374978;0,016562641;0,051910846;0;0;0;0;0;0,005616803;0;0;0;0,019212839;0
"Sstri";"Serapias strictiflora";0;0,0623014142421033;36;3;0;0;0;0;0;0;0;0;0;0;0;0;0;0;0;0;0;0;0;0;0;0;0;0;0;0;0;0;0;0;0;0;0;0;0;0;0;0;0;0;0;0;0;0;0;0;0;0;0;0;0;0;0;0;0;0;0;0;0;0;0;0;0;0;0;0;0;0;0;0,02152497;0;0;0;0;0;0;0;0;0;0;0;0;0
"Sarve";"Sherardia arvensis";0;0,0402198683454896;13,3;5;1;1;0;0;0;0;0;0;0;0;0;0;0;0;0;0;0;0;0;0;0;0;0;0;0;0;0;0;0;0;0;0;0;0;0;0;0;0;0;0;0;0;0;0;0;0;0;0;0;0;0;0;0;0;0;0;0;0;0;0;0;0;0;0;0,01458671;0;0,032973798;0;0;0;0;0;0;0;0;0;0;0;0;0;0;0;0
"Silen";"Silene sp.";0;0,0379506641366224;34,29;4;1;0;0;0;1;0;0;0;0;0;0;0;0;0;0;0;0;0;0;0;0;0;0;0;0,001325681;0;0;0;0;0;0;0;0;0;0;0;0;0;0;0;0;0;0;0;0;0;0;0;0;0;0;0;0;0;0;0;0;0;0;0;0;0;0;0;0;0;0;0;0;0;0;0;0;0;0;0;0;0;0;0;0;0;0
"Salba";"Sinapis alba";0;0,0684931506849315;40;5;1;0;0;0;0;0;0;0;0;0;0;0;0;0;0;0;0;0;0;0;0;0;0;0;0;0;0;0;0;0;0;0;0;0;0;0;0;0;0;0;0;0;0;0;0;0;0;0;0;0;0;0;0;0;0;0;0;0;0;0;0;0;0;0;0;0;0;0;0,037418148;0;0;0;0;0;0;0;0;0;0;0;0;0;0
"Saspe";"Smilax aspera";0;0,0954821020231989;220;3;1;1;1;1;0;0;0;0;0;0,01006393;0;0;0;0,022726207;0;0,003666197;0;0;0,038281492;0;0;0;0,054815574;0;0;0;0;0;0;0;0;0;0;0;0;0;0;0;0;0;0;0;0;0,003753445;0;0;0;0;0;0;0;0;0;0;0;0,346888398;0,101462523;0;0,320775457;0,175938667;0,077822518;0;0,010343044;0,219719857;0;0,10255379;0;0,337569777;0;0;0;0;0,015035329;0;0;0;0;0;0;0;0;0;0
"Snigr";"Solanum nigrum";0;0,0364670702355773;22,25;12;1;1;0;0;0;0;0;0;0;0;0;0;0;0;0;0;0;0;0;0;0;0;0;0;0;0;0;0;0;0;0;0;0;0;0;0;0;0;0;0;0;0;0;0;0;0,054054054;0;0;0;0;0;0;0;0;0;0;0;0;0;0;0;0;0;0;0;0;0;0;0;0;0;0;0;0;0;0;0;0;0;0;0;0;0
"Soler";"Sonchus oleraceus";0;0,029314337642541;76,9;12;1;0;0;0;0;0;0;0,00198191;0;0;0;0;0;0;0;0;0,032258065;0;0,013920543;0,089238845;0;0;0;0,00970285;0;0;0,021780561;0;0;0;0;0,097274479;0,017307027;0,052910053;0;0;0;0;0,058159351;0;0,031700288;0;0,023683587;0;0;0;0;0;0;0,00982801;0;0;0;0;0,030592734;0;0;0;0;0;0;0;0;0,005492996;0;0;0;0;0,005612722;0,006149991;0;0,01996571;0;0;0;0;0;0;0;0;0;0;0
"Sjunc";"Spartium junceum";1;0,0739513695793646;370;4;1;0;1;1;0;0;0;0;0;0;0;0;0;0,005050268;0;0;0;0;0;0;0;0;0;0;0;0,025795442;0;0;0;0;0;0;0;0;0,093660542;0;0;0;0;0;0;0;0,256730086;0,011260335;0;0;0;0;0;0,090663391;0;0;0;0;0;0;0;0;0;0;0;0;0;0;0;0;0;0;0;0;0,063884472;0;0,158944907;0;0;0;0;0;0;0,012756737;0;0,025617118;0
"Sdubi";"Staehelina dubia";1;0,0955474871010892;70;4;1;0;0;1;0;0;0;0,051146073;0,082872228;0,151534025;0;0,013033162;0;0;0;0;0;0;0;0;0;0;0,015368852;0;0;0;0;0;0;0;0,061193097;0;0;0;0;0;0;0;0;0;0;0;0;0,045041341;0,082913448;0;0;0;0,008389185;0;0;0;0;0;0;0;0;0;0;0;0;0;0;0,008239495;0;0;0;0;0;0;0;0;0;0;0;0;0;0;0,003246844;0,022324289;0;0;0
"Tvill";"Thapsia villosa";0;0,20703933747412;83;2;1;0;1;0;0;0;0;0;0;0;0;0;0;0;0;0;0;0;0;0;0;0;0;0;0;0;0;0;0;0;0;0;0;0;0;0;0;0;0;0;0;0;0;0;0;0;0;0;0;0;0;0;0;0;0;0;0;0;0;0;0;0;0;0;0;0;0,062476671;0;0;0;0;0;0;0;0;0;0;0;0;0;0;0;0
"Tcapi";"Thymbra capitata";0;0,124038700074423;60;4;1;0;1;1;0;0;0;0;0;0;0;0;0;0;0;0;0;0;0;0;0;0;0;0;0;0;0,089028042;0;0;0,031683168;0;0;0;0;0;0;0;0;0;0;0,084293948;0;0,014210152;0;0;0;0;0;0;0;0;0;0;0;0;0;0;0;0;0;0;0;0;0;0;0;0;0;0;0;0;0;0;0;0;0;0;0;0;0;0;0;0
"Tmast";"Thymus mastichina";0;0,124038700074423;80;3;1;1;1;1;0;0;0;0;0;0;0;0;0;0;0;0;0;0;0;0;0;0;0;0;0;0;0,138851075;0;0;0;0;0;0,342679128;0;0;0;0;0;0;0;0;0;0;0;0;0;0;0;0;0;0;0;0;0;0;0;0;0;0;0;0;0;0;0;0;0;0;0;0;0;0;0;0;0;0;0;0;0;0;0;0;0;0
"Toarv";"Torilis arvensis";0;0,0356125356125356;37,5;1;1;1;0;0;0;0;0;0;0;0;0,022355694;0;0,011882782;0,020891276;0;0;0;0;0;0;0;0;0;0,060642814;0,005302725;0;0,016335421;0;0,171352075;0;0;0,099109847;0,034614053;0,029100529;0,018921322;0,031104151;0;0,348308375;0,401098971;0;0;0,063414634;0,01894687;0;0;0,234234234;0;0;0;0;0;0;0;0;0,007648184;0;0;0;0;0;0;0,011297307;0;0;0;0;0;0;0,117867166;0,026649962;0,085179295;0,185015579;0,010023553;0;0;0;0;0;0;0;0;0,00480321;0
"Tangu";"Trifolium angustifolium";0;0,0510204081632653;16,9;6;0;1;0;0;0;0;0;0;0;0;0;0;0;0,006144493;0;0;0;0;0;0;0,004716627;0;0;0;0;0;0;0;0;0;0;0;0;0;0;0;0;0;0;0;0;0;0;0;0;0;0;0;0;0;0;0;0;0;0;0;0;0;0;0;0;0;0;0;0;0;0;0;0;0;0;0;0;0,012257673;0;0;0;0;0;0;0;0;0
"Trarv";"Trifolium arvense";0;0,0484543075879446;12,5;5;0;1;0;0;0;0;0;0;0;0;0;0;0;0;0;0;0;0;0;0;0;0;0;0;0;0;0;0;0;0;0;0;0;0;0;0;0;0;0;0,021450597;0;0;0;0;0;0;0;0,0448;0;0;0;0;0;0;0;0;0;0;0;0;0;0;0;0;0;0;0;0;0;0;0;0;0;0;0;0;0;0;0;0;0;0;0
"Tcamp";"Trifolium campestre";0;0,0240384615384615;8,6;7;0;1;0;0;0;0;0;0;0;0;0;0;0;0,015975682;0;0;0;0;0;0;0,014149881;0;0;0;0;0;0;0,009347782;0;0;0;0;0;0;0;0;0;0;0;0;0;0;0;0;0;0;0;0;0,003107105;0;0;0;0;0;0;0;0;0;0;0;0;0;0;0;0;0;0;0;0;0;0;0;0;0;0;0;0;0;0;0;0;0;0
"Tscab";"Trifolium scabrum";0;0,0409836065573771;20;5;0;1;0;0;0;0;0;0;0;0,001916939;0;0;0;0;0;0;0;0;0;0;0;0;0;0;0;0;0;0;0;0;0;0;0;0;0;0;0;0;0;0;0;0;0;0;0;0;0;0;0;0;0;0;0;0;0;0;0;0;0;0;0;0;0;0;0;0;0;0;0;0;0;0;0;0;0;0;0;0;0;0;0;0;0
"Tgutt";"Tuberaria guttata";0;0,0462962962962963;16,2;6;0;0;0;0;0;0;0;0;0;0;0;0;0;0;0;0;0;0;0;0;0;0;0;0;0;0;0;0;0;0;0;0;0;0;0;0;0;0;0;0;0;0;0;0;0;0;0;0;0;0;0;0;0;0;0;0;0;0;0;0;0;0;0;0;0;0;0;0;0;0;0;0;0;0;0,027972028;0;0;0;0;0;0;0;0
"Ulexsp";"Ulex sp.";0;0,16366612111293;80;3;1;0;1;1;1;0;0;0;0;0;0;0;0;0;0;0;0;0;0;0;0;0;0;0;0;0;0;0;0;0;0;0;0,049325026;0;0;0;0;0;0;0;0;0;0;0;0;0;0;0;0;0;0;0;0;0;0;0;0;0;0;0;0;0;0;0;0;0;0;0;0;0;0;0;0;0;0;0;0;0;0;0;0;0;0
"Umari";"Urginea maritima";0;0,050436273768094;40;2;0;0;1;0;0;0;0;0;0;0;0;0;0;0;0;0;0;0;0;0;0;0;0;0;0;0;0;0;0;0;0;0;0;0;0;0;0;0;0;0;0;0;0;0;0;0;0;0;0;0;0;0;0;0;0;0;0;0;0;0;0;0;0;0;0;0;0;0;0;0;0;0;0;0;0,003496503;0;0;0;0;0;0;0;0
"Vtinu";"Viburnum tinus";1;0,072992700729927;390;4;1;1;0;1;0;0;0;0;0;0;0;0;0,000891209;0;0;0;0;0;0;0;0;0;0;0;0;0;0;0;0;0;0;0;0;0;0;0;0;0;0;0;0;0;0;0;0;0;0;0;0;0;0;0;0;0;0;0;0,071297989;0,030232558;0;0;0;0;0;0;0;0;0;0;0;0,018911223;0,03075919;0;0,047253891;0;0;0,031019601;0,039113429;0;0;0;0;0;0
"Vparv";"Vicia parviflora";0;0,0459906046253717;60;2;0;1;0;0;0;0;0;0;0;0;0;0;0;0;0;0;0;0;0;0;0;0;0;0;0;0;0;0;0;0;0;0;0;0;0;0;0;0;0;0;0;0;0;0;0;0;0;0;0;0;0;0;0;0;0;0;0;0;0;0;0;0;0;0;0;0;0;0;0;0,013324981;0;0;0;0,020429455;0;0;0;0;0;0;0;0,00640428;0
"Vsati";"Vicia sativa";0;0,0459906046253717;57,5;4;0;1;0;0;0;0;0;0;0;0;0;0;0;0;0;0;0;0;0;0;0;0;0;0;0;0;0;0;0;0;0;0;0;0;0;0;0;0;0;0;0;0;0;0;0;0;0;0;0;0;0;0;0;0;0;0;0;0;0;0;0;0,011297307;0;0;0;0;0;0;0;0;0;0;0;0,061288365;0;0;0;0;0;0;0;0,00640428;0
"Vbrom";"Vulpia bromoides";0;0,0425531914893617;30;4;0;1;0;0;0;0;0;0;0;0;0;0;0;0;0;0;0;0;0;0;0;0;0;0;0;0;0;0;0;0;0;0;0;0;0;0;0;0;0;0;0;0;0;0;0;0;0;0;0;0;0;0;0;0;0;0;0;0;0;0;0;0;0;0;0;0;0;0;0,065481759;0;0,140388098;0,071876556;0;0;0;0;0;0;0;0;0;0;0
"Vcili";"Vulpia ciliata";0;0,026525198938992;12;3;0;0;0;0;0;0;0;0;0;0;0;0;0;0;0;0;0;0;0;0;0;0;0;0;0;0;0;0;0;0;0;0;0;0;0;0;0;0;0;0;0;0;0;0;0;0;0;0,3808;0;0;0;0;0;0;0;0;0;0;0;0;0;0;0;0;0;0;0;0;0,168381665;0;0;0;0;0;0;0;0;0;0;0;0;0;0
"Amons";"Acer monspessulanum";0;0,0713148073481149;1066,666667;2;1;0;1;NA;0;0;0;0;0;0;0;0;0;0;0;0;0;0;0;0;0;0;0;0;0;0;0;0;0;0;0;0;0;0;0;0;0;0;0;0;0;0;0;0;0;0;0;0;0;0;0;0;0;0;0;0;0;0;0;0;0;0;0;0;0;0;0;0;0;0;0;0;0;0;0;0;0;0;0;0;0;0;0
"Apyra";"Anacamptis pyramidalis";0;0,0323336836149058;40,9375;2;1;0;1;NA;0;0;0;0;0;0;0;0;0;0;0;0;0;0;0;0;0;0;0;0;0;0;0;0;0;0;0;0;0;0;0;0;0;0;0;0;0;0;0;0;0;0;0;0;0;0;0;0;0;0;0;0;0;0;0;0;0;0;0;0;0;0;0;0;0;0;0;0;0;0;0;0;0;0;0;0;0;0;0
"Avuln";"Anthyllis vulneraria";1;0,0746647552489323;18,66666667;4;1;1;1;NA;0;0;0;0;0;0;0;0;0;0;0;0;0;0;0;0;0;0;0;0;0;0;0;0;0;0;0;0;0;0;0;0;0;0;0;0;0;0;0;0;0;0;0;0;0;0;0;0;0;0;0;0;0;0;0;0;0;0;0;0;0;0;0;0;0;0;0;0;0;0;0;0;0;0;0;0;0;0;0
"Acanc";"Atractylis cancellata";0;0,0651847989048954;15,45;3;1;1;0;NA;0;0;0;0;0;0;0;0;0;0;0;0;0;0;0;0;0;0;0;0;0;0;0;0;0;0;0;0;0;0;0;0;0;0;0;0;0;0;0;0;0;0;0;0;0;0;0;0;0;0;0;0;0;0;0;0;0;0;0;0;0;0;0;0;0;0;0;0;0;0;0;0;0;0;0;0;0;0;0
"Agumm";"Atractylis gummifera";0;0,0651847989048954;13,59583333;2;1;1;0;NA;0;0;0;0;0;0;0;0;0;0;0;0;0;0;0;0;0;0;0;0;0;0;0;0;0;0;0;0;0;0;0;0;0;0;0;0;0;0;0;0;0;0;0;0;0;0;0;0;0;0;0;0;0;0;0;0;0;0;0;0;0;0;0;0;0;0;0;0;0;0;0;0;0;0;0;0;0;0;0
"Bretu";"Brachypodium retusum";0;0,086475268073331;36,22857143;2;1;0;1;NA;0;0;0;0;0;0;0;0;0;0;0;0;0;0;0;0;0;0;0;0;0;0;0;0;0;0;0;0;0;0;0;0;0;0;0;0;0;0;0;0;0;0;0;0;0;0;0;0;0;0;0;0;0;0;0;0;0;0;0;0;0;0;0;0;0;0;0;0;0;0;0;0;0;0;0;0;0;0;0
"Cmeli";"Centaurea melitensis";0;0,0569881749536971;14,75;3;1;1;0;NA;0;0;0;0;0;0;0;0;0;0;0;0;0;0;0;0;0;0;0;0;0;0;0;0;0;0;0;0;0;0;0;0;0;0;0;0;0;0;0;0;0;0;0;0;0;0;0;0;0;0;0;0;0;0;0;0;0;0;0;0;0;0;0;0;0;0;0;0;0;0;0;0;0;0;0;0;0;0;0
"Cspha";"Centaurea sphaerocephala";0;0,0593771748690166;18,44259259;3;1;1;0;NA;0;0;0;0;0;0;0;0;0;0;0;0;0;0;0;0;0;0;0;0;0;0;0;0;0;0;0;0;0;0;0;0;0;0;0;0;0;0;0;0;0;0;0;0;0;0;0;0;0;0;0;0;0;0;0;0;0;0;0;0;0;0;0;0;0;0;0;0;0;0;0;0;0;0;0;0;0;0;0
"Cleuc";"Cephalaria leucantha";0;0,149767859817283;20;4;1;0;1;NA;0;0;0;0;0;0;0;0;0;0;0;0;0;0;0;0;0;0;0;0;0;0;0;0;0;0;0;0;0;0;0;0;0;0;0;0;0;0;0;0;0;0;0;0;0;0;0;0;0;0;0;0;0;0;0;0;0;0;0;0;0;0;0;0;0;0;0;0;0;0;0;0;0;0;0;0;0;0;0
"Escop";"Erica scoparia";0;0,136239782016349;193,5;6;1;0;1;NA;0;0;0;0;0;0;0;0;0;0;0;0;0;0;0;0;0;0;0;0;0;0;0;0;0;0;0;0;0;0;0;0;0;0;0;0;0;0;0;0;0;0;0;0;0;0;0;0;0;0;0;0;0;0;0;0;0;0;0;0;0;0;0;0;0;0;0;0;0;0;0;0;0;0;0;0;0;0;0
"Echar";"Euphorbia characias";0;0,0909024865955239;100;2,857142857;1;1;1;NA;0;0;0;0;0;0;0;0;0;0;0;0;0;0;0;0;0;0;0;0;0;0;0;0;0;0;0;0;0;0;0;0;0;0;0;0;0;0;0;0;0;0;0;0;0;0;0;0;0;0;0;0;0;0;0;0;0;0;0;0;0;0;0;0;0;0;0;0;0;0;0;0;0;0;0;0;0;0;0
"Enica";"Euphorbia nicaeensis";0;0,0791251245124828;28,04;2,857142857;1;1;0;NA;0;0;0;0;0;0;0;0;0;0;0;0;0;0;0;0;0;0;0;0;0;0;0;0;0;0;0;0;0;0;0;0;0;0;0;0;0;0;0;0;0;0;0;0;0;0;0;0;0;0;0;0;0;0;0;0;0;0;0;0;0;0;0;0;0;0;0;0;0;0;0;0;0;0;0;0;0;0;0
"Epter";"Euphorbia pterococca";0;0,024169308264708;2,857142857;2,857142857;1;1;0;NA;0;0;0;0;0;0;0;0;0;0;0;0;0;0;0;0;0;0;0;0;0;0;0;0;0;0;0;0;0;0;0;0;0;0;0;0;0;0;0;0;0;0;0;0;0;0;0;0;0;0;0;0;0;0;0;0;0;0;0;0;0;0;0;0;0;0;0;0;0;0;0;0;0;0;0;0;0;0;0
"Eserr";"Euphorbia serrata";0;0,0944867009968347;36,9;6;1;1;1;NA;0;0;0;0;0;0;0;0;0;0;0;0;0;0;0;0;0;0;0;0;0;0;0;0;0;0;0;0;0;0;0;0;0;0;0;0;0;0;0;0;0;0;0;0;0;0;0;0;0;0;0;0;0;0;0;0;0;0;0;0;0;0;0;0;0;0;0;0;0;0;0;0;0;0;0;0;0;0;0
"Esulc";"Euphorbia sulcata";0;0,024169308264708;7,899;2,857142857;1;0;0;NA;0;0;0;0;0;0;0;0;0;0;0;0;0;0;0;0;0;0;0;0;0;0;0;0;0;0;0;0;0;0;0;0;0;0;0;0;0;0;0;0;0;0;0;0;0;0;0;0;0;0;0;0;0;0;0;0;0;0;0;0;0;0;0;0;0;0;0;0;0;0;0;0;0;0;0;0;0;0;0
"Gital";"Gladiolus italicus";0;0,0501504513540622;75;3;1;0;1;NA;0;0;0;0;0;0;0;0;0;0;0;0;0;0;0;0;0;0;0;0;0;0;0;0;0;0;0;0;0;0;0;0;0;0;0;0;0;0;0;0;0;0;0;0;0;0;0;0;0;0;0;0;0;0;0;0;0;0;0;0;0;0;0;0;0;0;0;0;0;0;0;0;0;0;0;0;0;0;0
"Hmari";"Helianthemum marifolium";0;0,129575639779721;23,4;5;1;0;1;NA;0;0;0;0;0;0;0;0;0;0;0;0;0;0;0;0;0;0;0;0;0;0;0;0;0;0;0;0;0;0;0;0;0;0;0;0;0;0;0;0;0;0;0;0;0;0;0;0;0;0;0;0;0;0;0;0;0;0;0;0;0;0;0;0;0;0;0;0;0;0;0;0;0;0;0;0;0;0;0
"Lstri";"Linum strictum";0;0,0663966536086581;19,7;4;1;0;0;NA;0;0;0;0;0;0;0;0;0;0;0;0;0;0;0;0;0;0;0;0;0;0;0;0;0;0;0;0;0;0;0;0;0;0;0;0;0;0;0;0;0;0;0;0;0;0;0;0;0;0;0;0;0;0;0;0;0;0;0;0;0;0;0;0;0;0;0;0;0;0;0;0;0;0;0;0;0;0;0
"Lmari";"Lobularia maritima";0;0,115915150110119;13;4;1;0;0;NA;0;0;0;0;0;0;0;0;0;0;0;0;0;0;0;0;0;0;0;0;0;0;0;0;0;0;0;0;0;0;0;0;0;0;0;0;0;0;0;0;0;0;0;0;0;0;0;0;0;0;0;0;0;0;0;0;0;0;0;0;0;0;0;0;0;0;0;0;0;0;0;0;0;0;0;0;0;0;0
"Opube";"Ononis pubescens";0;0,0418425970039646;40;4;1;0;0;NA;0;0;0;0;0;0;0;0;0;0;0;0;0;0;0;0;0;0;0;0;0;0;0;0;0;0;0;0;0;0;0;0;0;0;0;0;0;0;0;0;0;0;0;0;0;0;0;0;0;0;0;0;0;0;0;0;0;0;0;0;0;0;0;0;0;0;0;0;0;0;0;0;0;0;0;0;0;0;0
"Opusi";"Ononis pusilla";0;0,0754147812971342;20;2;1;0;1;NA;0;0;0;0;0;0;0;0;0;0;0;0;0;0;0;0;0;0;0;0;0;0;0;0;0;0;0;0;0;0;0;0;0;0;0;0;0;0;0;0;0;0;0;0;0;0;0;0;0;0;0;0;0;0;0;0;0;0;0;0;0;0;0;0;0;0;0;0;0;0;0;0;0;0;0;0;0;0;0
"Onarb";"Ornithogalum narbonense";0;0,0757575757575758;41;2;1;0;1;NA;0;0;0;0;0;0;0;0;0;0;0;0;0;0;0;0;0;0;0;0;0;0;0;0;0;0;0;0;0;0;0;0;0;0;0;0;0;0;0;0;0;0;0;0;0;0;0;0;0;0;0;0;0;0;0;0;0;0;0;0;0;0;0;0;0;0;0;0;0;0;0;0;0;0;0;0;0;0;0
"Plych";"Phlomis lychnitis";0;0,117398450340455;51;4;1;1;1;NA;0;0;0;0;0;0;0;0;0;0;0;0;0;0;0;0;0;0;0;0;0;0;0;0;0;0;0;0;0;0;0;0;0;0;0;0;0;0;0;0;0;0;0;0;0;0;0;0;0;0;0;0;0;0;0;0;0;0;0;0;0;0;0;0;0;0;0;0;0;0;0;0;0;0;0;0;0;0;0
"Qsube";"Quercus suber";0;0,144717800289436;1489,666667;2;1;1;1;NA;0;0;0;0;0;0;0;0;0;0;0;0;0;0;0;0;0;0;0;0;0;0;0;0;0;0;0;0;0;0;0;0;0;0;0;0;0;0;0;0;0;0;0;0;0;0;0;0;0;0;0;0;0;0;0;0;0;0;0;0;0;0;0;0;0;0;0;0;0;0;0;0;0;0;0;0;0;0;0
"Rpicr";"Reichardia picroides";0;0,0341009709815336;30;4;1;1;1;NA;0;0;0;0;0;0;0;0;0;0;0;0;0;0;0;0;0;0;0;0;0;0;0;0;0;0;0;0;0;0;0;0;0;0;0;0;0;0;0;0;0;0;0;0;0;0;0;0;0;0;0;0;0;0;0;0;0;0;0;0;0;0;0;0;0;0;0;0;0;0;0;0;0;0;0;0;0;0;0
"Rangu";"Ruta angustifolia";0;0,122940742562085;44;5;1;0;0;NA;0;0;0;0;0;0;0;0;0;0;0;0;0;0;0;0;0;0;0;0;0;0;0;0;0;0;0;0;0;0;0;0;0;0;0;0;0;0;0;0;0;0;0;0;0;0;0;0;0;0;0;0;0;0;0;0;0;0;0;0;0;0;0;0;0;0;0;0;0;0;0;0;0;0;0;0;0;0;0
"Shirs";"Sideritis hirsuta";0;0,0684931506849315;50;4;1;0;1;NA;0;0;0;0;0;0;0;0;0;0;0;0;0;0;0;0;0;0;0;0;0;0;0;0;0;0;0;0;0;0;0;0;0;0;0;0;0;0;0;0;0;0;0;0;0;0;0;0;0;0;0;0;0;0;0;0;0;0;0;0;0;0;0;0;0;0;0;0;0;0;0;0;0;0;0;0;0;0;0
"Thaen";"Teucrium haenseleri";0;0,045278373969699;22,12865497;3;1;1;1;NA;0;0;0;0;0;0;0;0;0;0;0;0;0;0;0;0;0;0;0;0;0;0;0;0;0;0;0;0;0;0;0;0;0;0;0;0;0;0;0;0;0;0;0;0;0;0;0;0;0;0;0;0;0;0;0;0;0;0;0;0;0;0;0;0;0;0;0;0;0;0;0;0;0;0;0;0;0;0;0
"Tscor";"Teucrium scorodonia";0;0,0309033035631509;32,10526316;3;1;0;1;NA;0;0;0;0;0;0;0;0;0;0;0;0;0;0;0;0;0;0;0;0;0;0;0;0;0;0;0;0;0;0;0;0;0;0;0;0;0;0;0;0;0;0;0;0;0;0;0;0;0;0;0;0;0;0;0;0;0;0;0;0;0;0;0;0;0;0;0;0;0;0;0;0;0;0;0;0;0;0;0
